Complexity,Loss,Equation
1,0.10795257,"x10"
2,0.10345496,"sin(x2)"
3,0.033521045,"x5 - 0.98706865"
4,0.025695251,"x5 + cos(x3)"
5,0.020599332,"x5 + (-0.75372 - x6)"
6,0.01236649,"cos((0.927194 / x5) + x7)"
7,0.00744146,"cos(x6) + (cos(x3) / x5)"
8,0.00699415,"(cos(x2) / x5) + (1.5194417 - x6)"
9,0.0058793956,"(cos(x3) / x5) + cos(x8 ^ 34.686695)"
10,0.0048855487,"(cos(x2) / x5) + (1.4178485 - (x6 ^ 11.172844))"
11,0.004601162,"((cos(x3) / x5) + sin(x6 / 0.033425957)) - -1.448002"
12,0.004089598,"(1.4160043 - (x6 ^ 11.173798)) + (cos(x2 + -0.1947957) / x5)"
13,0.0039590904,"cos((x0 ^ 22.849016) + 0.23609906) + ((cos(x3) + 0.22495763) / x5)"
14,0.0038895088,"sin(((cos(x3) + 0.24042308) / x5) + cos((x0 ^ 24.701292) + 0.24709314))"
15,0.0033211235,"sin(((cos(x3) / (x5 + 0.38807535)) + sin(exp(x6))) / (x2 * 0.18409018))"
16,0.003286112,"sin(sin(((cos(x3) / (x5 + 0.38817912)) + sin(exp(x6))) / (x2 * 0.1842426)))"
17,0.002994164,"sin((sin(exp(x6 * x8)) + (cos(x3) / (x5 + 0.38513985))) / (x2 * 0.18333939))"
18,0.0029290814,"sin(((cos(x3) / (x5 + 0.46541095)) + sin(sin(exp(x6)))) / ((x2 ^ 0.39636332) - 0.995212))"
19,0.0022559674,"sin(((cos(x3) / (x5 + 0.2849726)) + sin(exp(x6 ^ 2.8741379))) / ((1.2247272 ^ x2) - 1.1471016))"
20,0.0022346647,"sin(sin(((cos(x3) / (x5 + 0.28165534)) + sin(exp(x6 ^ 2.8740988))) / ((1.2227962 ^ x2) - 1.1422936)))"
21,0.002156955,"sin((sin(exp((x6 * x8) ^ 2.1099637)) + (cos(x3) / (x5 + 0.28312215))) / ((1.2274846 ^ x2) - 1.1541222))"
22,0.0021347692,"sin(sin(((cos(x3) / (x5 + 0.2829731)) + sin(exp((x8 * x6) ^ 2.14091))) / ((1.224173 ^ x2) - 1.1458575)))"
23,0.0019936375,"sin(((cos(x3) / (x5 + 0.21904446)) + sin(exp((x6 + 0.026567416) ^ 2.576562))) / ((1.2248211 ^ x2) - 1.1672096)) - -0.21269085"
24,0.0019380026,"sin(sin((sin(exp((x6 + 0.025709268) ^ 2.5726426)) + (cos(x3) / (x5 + 0.21915112))) / ((1.2245563 ^ x2) - 1.1657982))) - -0.19916387"
25,0.001600262,"(sin(((cos(x3) / (x5 + 0.24829262)) + sin(exp((x8 * x6) + 0.21010518))) / ((1.2393421 ^ x2) - 1.1488023)) / 0.6386938) + x9"
26,0.0015842908,"sin((sin((sin(exp((x8 * x6) + 0.2094707)) + (cos(x3) / (x5 + 0.24825452))) / ((1.2389755 ^ x2) - 1.1479492)) / 0.6376453) + x9)"
27,0.0015615411,"x8 + (sin((sin(exp(((x6 * x8) ^ 1.3036898) + 0.21774559)) + (cos(x3) / (x5 + 0.24493062))) / ((1.2431419 ^ x2) - 1.1567171)) / 0.64593804)"
28,0.0015477886,"sin(x8 + (sin((sin(exp(((x6 * x8) ^ 1.3036401) + 0.21390493)) + (cos(x3) / (x5 + 0.24316326))) / ((1.2412972 ^ x2) - 1.1525815)) / 0.63900965))"
29,0.0015003331,"sin(sin(((cos(x3) / (x5 + 0.19291727)) + sin(exp((x6 + 0.09469481) * x8))) / ((1.2116266 ^ x2) - 1.1466643)) / sin(cos(cos(x5)))) + 0.43984988"
30,0.0014614029,"sin(sin(((cos(x3) / (x5 + 0.20481215)) + sin(exp((x6 + 0.101746835) * x6))) / ((1.2297258 ^ x2) - 1.1874241)) / cos(cos(x11 - x5))) + 0.37291053"
31,0.00141654,"sin(sin((sin(exp(x8 * (x6 + 0.09557505))) + (cos(x3) / (x5 + 0.19958527))) / ((1.2289228 ^ x2) - 1.1852359)) / sin(cos(cos(x5 - x13)))) + 0.41839117"
32,0.001328538,"sin(sin((sin(exp(x8 * ((x6 + 0.10506429) * x0))) + (cos(x3) / (x5 + 0.21166046))) / ((1.2295372 ^ x2) - 1.1897457)) / cos(cos(x13 - x5))) + 0.3860189"
33,0.0013036655,"sin(sin(sin((sin(exp(((x6 + 0.098624766) * x0) * x8)) + (cos(x3) / (x5 + 0.21574377))) / ((1.2324059 ^ x2) - 1.1945156)) / cos(cos(x13 - x5))) + 0.355204)"
34,0.0012773976,"sin(sin(((cos(x3) / (x5 + 0.17743912)) + sin(exp(((x8 * x6) * x0) + (0.4858808 ^ x3)))) / ((1.228816 ^ x2) - 1.1411155)) / cos(cos(x13 - x5))) + 0.35562512"
35,0.0012266373,"sin(sin(sin((sin(exp(((x0 * x8) * x6) + (0.45777136 ^ x3))) + (cos(x3) / (x5 + 0.1872975))) / ((1.2334503 ^ x2) - 1.1456549)) / cos(cos(x13 - x5)))) + 0.2735596"
36,0.0012116825,"sin(sin(sin((sin(exp((0.45952025 ^ x3) + ((x6 * x0) * x8))) + (cos(x3) / (x5 + 0.18808647))) / ((1.2334702 ^ x2) - 1.1464547)) / cos(cos(x5 - sin(x13))))) + 0.2763535"
37,0.0011818426,"sin(0.35855716 + sin(sin((sin(exp(((x8 * x0) ^ 2.0910277) + (0.48793784 ^ x3))) + (cos(x3) / ((0.41445532 / x2) + x5))) / ((1.2452533 ^ x2) - 1.1821897)) / cos(cos(x10 - x5))))"
38,0.0011591361,"sin(sin(sin(sin((sin(exp(((x0 * x8) ^ 2.0944114) + (0.4796864 ^ x3))) + (cos(x3) / ((0.41897202 / x2) + x5))) / ((1.2442962 ^ x2) - 1.1777838)) / cos(cos(x5 - x10))) + 0.33991733))"
39,0.0011538825,"sin(sin(sin(sin(sin((sin(exp(((x0 * x8) ^ 2.255035) + (0.473381 ^ x3))) + (cos(x3) / (x5 + (0.4220302 / x2)))) / ((1.2448643 ^ x2) - 1.1774201)) / cos(cos(x5 - x10))) + 0.32248363)))"
40,0.0011491777,"sin(sin(sin(sin((sin(exp((0.47854963 ^ x3) + ((x0 * x8) ^ 2.094958))) + (cos(x3) / (x5 + (0.41977087 / x2)))) / ((1.2475464 ^ x2) - 1.1855596)) / cos(cos(x10 - x5) / 0.9530949)) + 0.34158123))"
